{
  "type": {
    "ultrawarm": false,
    "natural": true,
    "piglin_safe": false,
    "respawn_anchor_works": false,
    "bed_works": true,
    "has_raids": true,
    "has_skylight": false,
    "has_ceiling": false,
    "coordinate_scale": 1,
    "ambient_light": 0,
    "logical_height": 256,
    "effects": "minecraft:overworld",
    "infiniburn": "minecraft:infiniburn_overworld",
    "min_y": 0,
    "height": 256
  },
  "generator": {
    "type": "minecraft:flat",
    "settings": {
      "biome": "akabara:stage2dt",
      "lakes": false,
      "features": false,
      "layers": [
        {
          "block": "minecraft:bedrock",
          "height": 1
        },
        {
          "block": "minecraft:stone",
          "height": 59
        },
        {
          "block": "minecraft:dirt",
          "height": 3
        },
        {
          "block": "minecraft:grass_block",
          "height": 1
        }
      ],
      "structures": {
        "structures": {}
      }
    }
  }
}
