{
  "condition": "minecraft:alternative",
  "terms": [
	{
      "condition": "minecraft:entity_properties",
      "entity": "this",
      "predicate": {
        "type": "#dynlight:low_light_emitters"
      }
    },
	{
      "condition": "minecraft:entity_properties",
      "entity": "this",
      "predicate": {
        "nbt": "{Tags:[\"dynlightLow\"]}"
      }
    },
    {
      "condition": "minecraft:reference",
      "name": "dynlight:equipment/is_emitting_low_light"
    }
  ]
}